idx,popularTags
0,love
1,instagood
2,photooftheday
3,fashion
4,beautiful
5,happy
6,cute
7,tbt
8,like4like
9,followme
10,picoftheday
11,follow
12,me
13,selfie
14,summer
15,art
16,instadaily
17,friends
18,repost
19,nature
20,girl
21,fun
22,style
23,smile
24,food
25,instalike
26,family
27,travel
28,likeforlike
29,fitness
30,follow4follow
31,igers
32,tagsforlikes
33,nofilter
34,life
35,beauty
36,amazing
37,instagram
38,photography
39,photo
40,vscocam
41,sun
42,music
43,followforfollow
44,beach
45,ootd
46,bestoftheday
47,sunset
48,dog
49,sky
50,vsco
51,l4l
52,makeup
53,foodporn
54,f4f
55,hair
56,pretty
57,cat
58,model
59,swag
60,motivation
61,girls
62,party
63,baby
64,cool
65,gym
66,lol
67,design
68,instapic
69,funny
70,healthy
71,christmas
72,night
73,lifestyle
74,yummy
75,flowers
76,tflers
77,hot
78,handmade
79,instafood
80,wedding
81,fit
82,black
83,pink
84,blue
85,workout
86,work
87,blackandwhite
88,drawing
89,inspiration
90,holiday
91,home
92,london
93,nyc
94,sea
95,instacool
96,winter
97,goodmorning
98,blessed
99,dogsofinstagram
100,sweet
101,red
102,iphoneonly
103,happiness
104,throwback
105,birthday
106,followback
107,instafollow
108,instalove
109,weekend
110,coffee
111,tattoo
112,puppy
113,my
114,clouds
115,fitfam
116,artist
117,morning
118,green
119,webstagram
120,awesome
121,foodie
122,shopping
123,look
124,new
125,tweegram
126,nails
127,paris
128,iphonesia
129,nice
130,sunday
131,dinner
132,landscape
133,japan
134,italy
135,photographer
136,likes
137,relax
138,dress
139,igdaily
140,instafashion
141,delicious
142,spring
143,white
144,catsofinstagram
145,vacation
146,instasize
147,architecture
148,boy
149,eyes
150,trip
151,health
152,shoes
153,instago
154,latepost
155,breakfast
156,bodybuilding
157,yum
158,loveit
159,vintage
160,day
161,nike
162,daily
163,outfit
164,moda
165,snow
166,good
167,likeforfollow
168,halloween
169,wcw
170,dubai
171,wanderlust
172,training
173,indonesia
174,instagramers
175,newyork
176,luxury
177,tb
178,all_shots
179,instagramhub
180,illustration
181,lunch
182,picture
183,usa
184,memories
185,sketch
186,instaphoto
187,anime
188,cats
189,best
190,travelgram
191,flower
192,live
193,dogs
194,goodnight
195,colorful
196,2017
197,chocolate
198,fashionblogger
199,pet
200,autumn
201,fashionista
202,peace
203,adventure
204,amor
205,onedirection
206,dance
207,city
208,bestfriend
209,insta
210,happybirthday
211,cake
212,friday
213,color
214,portrait
215,bored
216,chanel
217,pic
218,goodtimes
219,vegan
220,instatravel
221,water
222,photoshoot
223,view
224,adorable
225,canon
226,istanbul
227,kids
228,fitspo
229,saturday
230,likesforlikes
231,california
232,gay
233,blogger
234,bff
235,tumblr
236,quotes
237,lovely
238,goals
239,mylove
240,beer
241,eatclean
242,perfect
243,friend
244,bestfriends
245,blonde
246,light
247,painting
248,sunshine
249,quote
250,mcm
251,france
252,loveher
253,bomdia
254,thailand
255,homemade
256,instadog
257,artwork
258,miami
259,2016
260,disney
261,1
262,shoutout
263,20likes
264,fresh
265,yoga
266,sunrise
267,top
268,nikon
269,boanoite
270,street
271,sport
272,diet
273,sister
274,holidays
275,instamoment
276,fall
277,jewelry
278,mood
279,forever
280,car
281,gucci
282,latergram
283,colors
284,ink
285,sale
286,truth
287,ocean
288,uae
289,hiphop
290,onlineshop
291,tree
292,crazy
293,i
294,familia
295,likeback
296,kpop
297,regrann
298,dogstagram
299,traveling
300,babygirl
301,streetstyle
302,sisters
303,explore
304,la
305,stylish
306,mountains
307,natural
308,weightloss
309,kuwait
310,throwbackthursday
311,goodvibes
312,nailart
313,animal
314,football
315,makeupartist
316,dior
317,adidas
318,jj
319,australia
320,lfl
321,gorgeous
322,running
323,draw
324,interiordesign
325,bts
326,animals
327,lovehim
328,tattoos
329,friendship
330,mexico
331,sunny
332,picstitch
333,losangeles
334,healthyfood
335,loveyou
336,strong
337,kitty
338,2015
339,prada
340,world
341,harrystyles
342,mua
343,school
344,creative
345,jakarta
346,russia
347,spain
348,venezuela
349,pets
350,like4follow
351,abs
352,hermes
353,boyfriend
354,the
355,mylife
356,polishgirl
357,cleaneating
358,muscle
359,germany
360,body
361,gold
362,enjoy
363,wine
364,trees
365,today
366,barcelona
367,dessert
368,potd
369,streetphotography
370,time
371,couple
372,sundayfunday
373,roadtrip
374,instacollage
375,brasil
376,cold
377,bali
378,crossfit
379,meme
380,streetart
381,gopro
382,moscow
383,instafit
384,gymlife
385,handsome
386,monday
387,hairstyle
388,canada
389,iphone
390,florida
391,exercise
392,fitnessmotivation
393,hijab
394,merrychristmas
395,foodstagram
396,justinbieber
397,likes4likes
398,catstagram
399,memes
400,cafe
401,turkey
402,uk
403,chicago
404,babyboy
405,passion
406,garden
407,bajumurah
408,kiss
409,diy
410,iloveyou
411,petstagram
412,cardio
413,foodgasm
414,cutie
415,a
416,outdoors
417,amigos
418,naturelovers
419,travelling
420,video
421,2
422,boys
423,followher
424,gift
425,travelphotography
426,instaart
427,heart
428,starbucks
429,you
430,niallhoran
431,summertime
432,instachile
433,bride
434,familytime
435,feliz
436,pizza
437,brother
438,run
439,decor
440,tokyo
441,lake
442,success
443,yellow
444,hiking
445,eat
446,shop
447,graffiti
448,drinks
449,interior
450,chill
451,bahrain
452,icecream
453,rain
454,rock
455,italia
456,mom
457,train
458,cars
459,inlove
460,kitten
461,accessories
462,film
463,lovethem
464,fendi
465,vegas
466,tired
467,tgif
468,youtube
469,designer
470,man
471,fff
472,bikini
473,princess
474,face
475,beard
476,exo
477,happynewyear
478,korea
479,followers
480,lmao
481,louisvuitton
482,book
483,sunnyday
484,europe
485,ksa
486,nail
487,nutrition
488,dream
489,yolo
490,louistomlinson
491,givenchy
492,tasty
493,lights
494,kawaii
495,god
496,money
497,instacat
498,cousins
499,orange
500,toronto
501,weather
502,fitnessmodel
503,olshop
504,business
505,comment
506,2014
507,starwars
508,420
509,berlin
510,россия
511,лето
512,lips
513,movie
514,instastyle
515,with
516,india
517,fitnessaddict
518,classic
519,naturephotography
520,bmw
521,entrepreneur
522,puppylove
523,thankful
524,goodday
525,blog
526,organic
527,people
528,teamo
529,paradise
530,valentino
531,pictureoftheday
532,men
533,styles
534,instagay
535,liampayne
536,free
537,celine
538,manga
539,focus
540,true
541,mensfashion
542,bandung
543,homedecor
544,house
545,dope
546,photos
547,lasvegas
548,old
549,and
550,photogrid
551,bag
552,haha
553,freedom
554,burberry
555,dj
556,cartier
557,in
558,amo
559,malaysia
560,outfitoftheday
561,concert
562,urban
563,arte
564,sayajual
565,thankyou
566,mybaby
567,instahub
568,america
569,getfit
570,longhair
571,brunette
572,purple
573,follower
574,wow
575,moment
576,newyear
577,bike
578,mydubai
579,zaynmalik
580,brazil
581,doglover
582,madrid
583,vscogood
584,healthylifestyle
585,zara
586,sol
587,chloe
588,teamfollowback
589,singapore
590,colombia
591,clothes
592,rose
593,sketchbook
594,to
595,singer
596,strength
597,hungry
598,liveauthentic
599,sad
600,foto
601,trustedseller
602,hawaii
603,100happydays
604,sunglasses
605,statigram
606,texas
607,drink
608,ilovemydog
609,daughter
610,heels
611,gains
612,dogoftheday
613,arianagrande
614,park
615,forest
616,soccer
617,1d
618,foodpics
619,trend
620,tasmurah
621,queen
622,hkig
623,hongkong
624,tea
625,quoteoftheday
626,meow
627,fitlife
628,bluesky
629,pool
630,cosplay
631,smiles
632,haircut
633,brothers
634,rap
635,river
636,chile
637,mountain
638,fitgirl
639,doodle
640,spamforspam
641,laugh
642,homesweethome
643,momlife
644,cooking
645,guitar
646,fire
647,paint
648,faith
649,greece
650,lipstick
651,healthyeating
652,rainbow
653,sleep
654,dedication
655,mac
656,amsterdam
657,sydney
658,determination
659,son
660,honda
661,grateful
662,dark
663,skincare
664,inked
665,sneakers
666,2013
667,festival
668,foodpic
669,michaelkors
670,apple
671,abudhabi
672,power
673,fish
674,evening
675,pencil
676,melbourne
677,glasses
678,selenagomez
679,bw
680,glam
681,england
682,selfies
683,rip
684,inspire
685,skyporn
686,blueeyes
687,murah
688,hope
689,moon
690,sushi
691,sand
692,retro
693,izmir
694,lookoftheday
695,church
696,excited
697,walk
698,brooklyn
699,asian
700,studio
701,ny
702,lv
703,china
704,jualan
705,vape
706,igaddict
707,aesthetic
708,sleepy
709,xmas
710,etsy
711,horse
712,following
713,song
714,surf
715,vida
716,game
717,menswear
718,beastmode
719,team
720,nephew
721,sanfrancisco
722,portugal
723,it
724,siambrandname
725,jualanku
726,healthychoices
727,hollywood
728,girlswholift
729,loveyourself
730,catlover
731,tourist
732,no
733,cloudporn
734,tshirt
735,jesus
736,cali
737,protein
738,chic
739,sbn
740,progress
741,weightlossjourney
742,so
743,shoutouts
744,tourism
745,fishing
746,trendy
747,bar
748,pictures
749,fotografia
750,sepatumurah
751,bnw
752,drunk
753,glutenfree
754,show
755,dank
756,pitbull
757,believe
758,batman
759,for
760,likeforlikes
761,onlineshopping
762,funtimes
763,magic
764,restaurant
765,jeans
766,3
767,justgoshoot
768,original
769,milano
770,sports
771,artofvisuals
772,foodphotography
773,bangkok
774,harrypotter
775,отдых
776,legs
777,history
778,likebackteam
779,traveler
780,giveaway
781,girly
782,sfs
783,building
784,likeall
785,children
786,toptags
787,sweden
788,sandiego
789,chicken
790,nightout
791,twins
792,fruit
793,basketball
794,watercolor
795,hotel
796,dreams
797,hardwork
798,guy
799,healthyliving
800,streetwear
801,shooting
802,positivevibes
803,balenciaga
804,together
805,weddingday
806,liker
807,domingo
808,glitter
809,lovelife
810,omg
811,proud
812,jimin
813,v
814,clothing
815,colour
816,workhard
817,marvel
818,decoration
819,lgbt
820,camera
821,bbq
822,beautifuldestinations
823,play
824,brunch
825,atlanta
826,waves
827,great
828,goodtime
829,disneyland
830,island
831,doha
832,watch
833,pokemon
834,gainpost
835,myworld
836,little
837,spam4spam
838,foodlover
839,fbf
840,likealways
841,necklace
842,puppies
843,happyday
844,moments
845,tagsforlikesapp
846,hashtag
847,dc
848,jungkook
849,custom
850,reflection
851,rome
852,petsofinstagram
853,wood
854,poetry
855,relaxing
856,surabaya
857,joy
858,dankmemes
859,out
860,beautifulday
861,silver
862,argentina
863,vegetarian
864,ysl
865,newyorkcity
866,saturdaynight
867,doubletap
868,rolex
869,fitmom
870,camping
871,kisses
872,chihuahua
873,bookstagram
874,nevergiveup
875,roma
876,olshopindo
877,colours
878,girlfriend
879,poland
880,niece
881,shredded
882,hijabers
883,fashionstyle
884,coach
885,colorado
886,graphicdesign
887,gayboy
888,taiwan
889,regram
890,fashionable
891,tas
892,christmastree
893,beachlife
894,roses
895,japanese
896,oldschool
897,army
898,linda
899,agameoftones
900,playa
901,photograph
902,louboutin
903,instalife
904,jordan
905,cupcakes
906,birthdaygirl
907,glamour
908,instapet
909,truelove
910,active
911,college
912,instabeauty
913,suga
914,vans
915,riodejaneiro
916,dxb
917,recent4recent
918,country
919,q8
920,dad
921,lastnight
922,makeupaddict
923,2018
924,stylist
925,cheese
926,ford
927,is
928,of
929,liketeam
930,hello
931,actor
932,likeme
933,eating
934,classy
935,fashiongram
936,versace
937,reading
938,details
939,cheers
940,coffeetime
941,miumiu
942,miss
943,behappy
944,followtrain
945,plants
946,grunge
947,perfection
948,nomakeup
949,foco
950,norway
951,skyline
952,abstract
953,bangtanboys
954,metal
955,curlyhair
956,collection
957,fashionblog
958,boston
959,salad
960,aesthetics
961,thebest
962,marketing
